Id,Quote,Author
1,Your heart is the size of an ocean. Go find yourself in its hidden depths.,Rumi
2,"The Bay of Bengal is hit frequently by cyclones. The months of November and May, in particular, are dangerous in this regard.",Abdul Kalam
3,"Thinking is the capital, Enterprise is the way, Hard Work is the solution.",Abdul Kalam
4,"If You Can'T Make It Good, At Least Make It Look Good.",Bill Gates
5,"Heart be brave. If you cannot be brave, just go. Love's glory is not a small thing.",Rumi
6,It is bad for a young man to sin; but it is worse for an old man to sin.,Abu Bakr (R.A)
7,"If You Are Out To Describe The Truth, Leave Elegance To The Tailor.",Albert Einstein
8,"O man you are busy working for the world, and the world is busy trying to turn you out.",Abu Bakr (R.A)
9,"While children are struggling to be unique, the world around them is trying all means to make them look like everybody else.",Abdul Kalam
10,"These Capitalists Generally Act Harmoniously And In Concert, To Fleece The People.",Abraham Lincoln
11,I Don'T Believe In Failure. It Is Not Failure If You Enjoyed The Process.,Oprah Winfrey
12,"Do not get elated at any victory, for all such victory is subject to the will of God.",Abu Bakr (R.A)
13,Wear gratitude like a cloak and it will feed every corner of your life.,Rumi
14,If you even dream of beating me you'd better wake up and apologize.,Muhammad Ali
15,I Will Praise Any Man That Will Praise Me.,William Shakespeare
16,One Of The Greatest Diseases Is To Be Nobody To Anybody.,Mother Teresa
17,I'm so fast that last night I turned off the light switch in my hotel room and was in bed before the room was dark.,Muhammad Ali
18,"People Must Learn To Hate And If They Can Learn To Hate, They Can Be Taught To Love.",Nelson Mandela
19,"Everyone has been made for some particular work, and the desire for that work has been put in every heart.",Rumi
20,"The less of the World, the freer you live.",Umar ibn Al-KhattƒÅb (R.A)
21,Respond to every call that excites your spirit.,Rumi
22,The Way To Get Started Is To Quit Talking And Begin Doing.,Walt Disney
23,"God Doesn'T Require Us To Succeed, He Only Requires That You Try.",Mother Teresa
24,"Speak any language, Turkish, Greek, Persian, Arabic, but always speak with love.",Rumi
25,Happiness comes towards those which believe in him.,Ali ibn Abi Talib (R.A)
26,Knowledge is of two kinds: that which is absorbed and that which is heard. And that which is heard does not profit if it is not absorbed.,Ali ibn Abi Talib (R.A)
27,"When I am silent, I have thunder hidden inside.",Rumi
28,Technological Progress Is Like An Axe In The Hands Of A Pathological Criminal.,Albert Einstein
29,No One Would Choose A Friendless Existence On Condition Of Having All The Other Things In The World.,Aristotle
30,"Life is a gamble. You can get hurt, but people die in plane crashes, lose their arms and legs in car accidents; people die every day. Same with fighters: some die, some get hurt, some go on. You just don't let yourself believe it will happen to you.",Muhammad Ali
